component	local_path	artifact_scope	upstream	license	local_license_evidence	redistribution_class	public_release_action
CodonBERT	external_models/CodonBERT	upstream model artifact and associated software	https://github.com/Sanofi-Public/CodonBERT	LicenseRef-Sanofi-Academic-NonCommercial	external_models/CodonBERT/ARTIFACT_LICENSE.md;external_models/CodonBERT/SOFTWARE_LICENSE.md	RESTRICTED_NONCOMMERCIAL	EXCLUDE_OR_OBTAIN_PERMISSION_FOR_UNRESTRICTED_PUBLIC_RELEASE
DNABERT-2	external_models/DNABERT2	upstream runtime and model artifact	https://github.com/MAGICS-LAB/DNABERT_2	Apache-2.0	external_models/DNABERT2/LICENSE	PERMISSIVE_TERMS	RETAIN_LICENSE_AND_NOTICES
Orthrus	external_models/Orthrus	upstream runtime and model artifact	https://github.com/bowang-lab/Orthrus	MIT	external_models/Orthrus/LICENSE.md	PERMISSIVE_TERMS	RETAIN_LICENSE_AND_COPYRIGHT_NOTICE
RNA-FM (MultiMolecule artifact)	external_models/RNA_FM	adapted runtime and pretrained/fine-tuned model artifacts	https://huggingface.co/multimolecule/rnafm	AGPL-3.0 as declared by model card plus MultiMolecule License FAQ	external_models/RNA_FM/license.md;external_models/RNA_FM/license-faq.md	COPYLEFT_TERMS	RETAIN_LICENSE_FAQ_AND_CORRESPONDING_SOURCE
UTR-LM	external_models/UTR_LM	upstream runtime and model artifacts	https://github.com/a96123155/UTR-LM	GPL-3.0	external_models/UTR_LM/LICENSE	COPYLEFT_TERMS	RETAIN_LICENSE_AND_CORRESPONDING_SOURCE
Evo 2	external_models/Evo2	upstream runtime and Evo2 checkpoint artifacts	https://github.com/ArcInstitute/evo2	Apache-2.0	external_models/Evo2/LICENSE;external_models/Evo2/NOTICE;external_models/Evo2/AUTHORS	PERMISSIVE_TERMS	RETAIN_LICENSE_NOTICE_AND_AUTHORS
LucaOne source package	external_models/LucaOne/source	upstream runtime source	https://github.com/LucaOne/LucaOne	Apache-2.0	external_models/LucaOne/source/LICENSE	PERMISSIVE_TERMS	RETAIN_LICENSE_AND_NOTICES
LucaOne gene checkpoint	external_models/LucaOne/checkpoint/LucaOne-gene-step36.8M	upstream checkpoint artifact	https://huggingface.co/LucaGroup/LucaOne-gene-step36.8M	MIT as declared by exact model card	external_models/LucaOne/checkpoint/LucaOne-gene-step36.8M/LICENSE_SOURCE.md	PERMISSIVE_TERMS	RETAIN_MODEL_CARD_AND_LICENSE_SOURCE_RECORD
mRNABERT	external_models/mRNABERT	upstream runtime and model artifact	https://huggingface.co/YYLY66/mRNABERT	Apache-2.0	external_models/mRNABERT/LICENSE	PERMISSIVE_TERMS	RETAIN_LICENSE_AND_NOTICES
RiboNN software	external_models/RiboNN/RiboNN-1.0.0	upstream software	https://github.com/Sanofi-Public/RiboNN	LicenseRef-Sanofi-Academic-NonCommercial	external_models/RiboNN/RiboNN-1.0.0/LICENSE	RESTRICTED_NONCOMMERCIAL	EXCLUDE_OR_OBTAIN_PERMISSION_FOR_UNRESTRICTED_PUBLIC_RELEASE
RiboNN model weights	external_models/RiboNN/RiboNN-1.0.0	upstream and derived model weights	https://github.com/Sanofi-Public/RiboNN	LicenseRef-Sanofi-Model-Weights-Academic-NonCommercial	external_models/RiboNN/RiboNN-1.0.0/MODEL WEIGHTS LICENSE.txt	RESTRICTED_NONCOMMERCIAL	EXCLUDE_OR_OBTAIN_PERMISSION_FOR_UNRESTRICTED_PUBLIC_RELEASE
