path	bytes	sha256	rows_or_records	source	selection
assets/smoke/design/ngf_rl_trajectory.csv.gz	754	0c1b27c8fcd5ab85e39f2c7c05d80fe6ce35835c5eb16fc5d21dd9b5ac3ce1e6	3	InvaRNA_publication_assets_upload/assets/smoke/design/ngf_rl_trajectory.csv.gz	three-row RL smoke trajectory excerpt
assets/smoke/evaluation/mpra.parquet	14472	73472e8ac72feeb828a1481ebb65c71bc15305b497bc1f9cc0da75c6b7854ac2	10	assets/benchmark_data/mpra/fig3g/input/mpra_panel_g_3k.parquet	first row per MPRA library
assets/smoke/evaluation/rpfd_multi_species.parquet	24910	30fdb8822b500b9b03b6f50de3ab4f14e85514654b1e93ae51f55053365abe4a	5	assets/benchmark_data/native/rpfd_multi_species.parquet	first row per species
assets/smoke/pretrain/train.fasta	20394	9862cdfbcd236a5d7e3a4efe87b51f101183f42a7c77f76e86a0724f748a2a3f	2	../InvaRNA_backbone_pretrain/pretrain/data/train0606.fasta	first 2 complete FASTA records
assets/smoke/pretrain/validation.fasta	20401	25f9ea25c748f031b936f467ba7d9e933e9337c2e6ada5f115bbfaa1d454489c	2	../InvaRNA_backbone_pretrain/pretrain/data/val0606.fasta	first 2 complete FASTA records
assets/smoke/student/human_test.parquet	17842	cf84ca3e40ce11c7de0aff811e770eb82e073a24f89d47c54df66ac61e3879d4	3	assets/training_data/common_te_splits/human_test_wt.parquet	first 3 rows; original split retained
assets/smoke/student/human_train.parquet	18266	d733503c97cfcaa290dd0a4437f9e8033b470c46b916eca577bb46a97bb3ba17	3	assets/training_data/common_te_splits/human_train_wt.parquet	first 3 rows; original split retained
assets/smoke/student/human_validation.parquet	20509	cfb62d23c90f4597e5a90dacfbf0cd0252be83bae6567f2958d4f8e3f8af34a1	3	assets/training_data/common_te_splits/human_val_wt.parquet	first 3 rows; original split retained
assets/smoke/student/mouse_train.parquet	14299	70f0ea1c33a8355523dc469d07241316332f6908454cb2e54584e1619e3e6c1f	3	assets/training_data/common_te_splits/mouse_train_wt.parquet	first 3 rows; original split retained
assets/smoke/synthetic/flow_matching_absolute_teacher.parquet	20701	4bd8215b50409c277a6a15ee4b8f3bc808b13d540a224d13ef3c47b76980ec36	3	../InvaRNA_data/step8_teacher/data/output/student_train_merged_final_v3.parquet	first 3 human train_mut rows with transcript suffix mut201-mut215
assets/smoke/synthetic/flow_matching_mut100.csv.gz	687	2841d9010dd1a322d88499c89eaf36a689237c5435eac396d5570b5331ad5c3f	1	assets/training_data/synthetic/flow_matching/mut100/val_138900.csv	first complete row
assets/smoke/synthetic/flow_matching_mut150.csv.gz	553	30aea5555faa4b048bcd8a72781e8b4ef34b8c94b3f25c44ae63475cadc6e56f	1	assets/training_data/synthetic/flow_matching/mut150/val_138900.csv	first complete row
assets/smoke/synthetic/flow_matching_mut200.csv.gz	658	e5887fd61181a55b6a24269c04a88ba88d5704ce1792d692dccc618c8eb0f37e	1	assets/training_data/synthetic/flow_matching/mut200/val_138900.csv	first complete row
assets/smoke/synthetic/flow_matching_mut50.csv.gz	423	a1372e7c7212fa87cea18bb6331eebf142fd3f32b0ded45571500879094d143e	1	assets/training_data/synthetic/flow_matching/mut50/val_141740.csv	first complete row
assets/smoke/synthetic/k80.parquet	19510	f4da8517809f7e3203ee3d4df55573047cce7c201f034822083b6187e8a17811	3	assets/training_data/human_te/local_training_tables/train_lite_k80.parquet	first anchor: WT and numbered variants
assets/smoke/synthetic/matched_random.parquet	19572	9492b8ec2e2052a2237b691e077afefffd961bd3ef0b1b6b9150633cee24c071	3	assets/training_data/human_te/local_training_tables/train_lite_matched.parquet	first anchor: WT and numbered variants
assets/smoke/synthetic/tdc_final.parquet	20557	393a8f25cb0d7a69aff2ac5798becc3ec8e3553f5a14fc94cb8a95bb8413da29	3	assets/training_data/human_te/local_training_tables/train_lite_v2.parquet	first anchor: WT and numbered variants
assets/smoke/teacher/human_half_life.csv	3251	2dd81e946b96ec67694cf38b07911008da375c6d301c453f22822565784ea187	3	assets/training_data/half_life/teacher_reference/human_time.csv	first 3 rows
assets/smoke/teacher/mouse_half_life.csv	1673	5f7e3122bb00ba03b4d75def74fb3b46cdf42435cafdf76d0fe72427f6be9fa6	3	assets/training_data/half_life/teacher_reference/mouse_time.csv	first 3 rows
assets/smoke/teacher/rbh_human_to_mouse.parquet	1882	27381d486e6aee5a5a31bd59bf6cc64bb7d481eff17359b36dcbd5209ed8e498	3	assets/training_data/half_life/teacher_reference/rbh_human_to_mouse.parquet	first 3 rows
assets/smoke/teacher/train.csv.gz	57909	c348d25a74764de46cae6a25d920134e65105b00567f78a7a7ac207bbc6882a2	4	assets/training_data/teacher/full_inputs/train_ready_human_regional_strict_20260117_pred_8gpu_bf16.pkl;assets/training_data/teacher/full_inputs/train_ready_mouse_regional_strict_20260117_pred_8gpu_bf16.pkl;assets/training_data/half_life/teacher_reference/human_time.csv;assets/training_data/half_life/teacher_reference/mouse_time.csv	first 2 frozen human-train rows plus first 2 mouse rows
assets/smoke/teacher/validation.csv.gz	65568	f4c4aa003ea421418f0b1031d6a23891c82d528c6a3f8b8dad926e27b2ea51b4	3	assets/training_data/teacher/full_inputs/train_ready_human_regional_strict_20260117_pred_8gpu_bf16.pkl;assets/training_data/half_life/teacher_reference/human_time.csv	first 3 frozen human-validation rows
