real_prob,bg_mean,bg_std,z_score
0.24066573,0.43919858,0.021322373,-9.31101
0.2986793,0.2369243,0.021142375,2.9209104
0.31432888,0.26979807,0.00519014,8.579885
0.14632612,0.054078985,0.0021427495,43.05081
0.47051424,0.38491303,0.039801057,2.150727
0.22531049,0.31164333,0.03811261,-2.2652042
0.24021839,0.24372298,0.006902122,-0.5077553
0.06395685,0.05972071,0.0028962924,1.4626071
0.29278368,0.46746123,0.011628815,-15.021095
0.28993598,0.19678748,0.00964917,9.653524
0.29634485,0.2864082,0.0027607568,3.5992513
0.12093554,0.04934356,0.0007696387,93.02012
0.49786964,0.40951425,0.016926099,5.220068
0.18356626,0.2690083,0.014892554,-5.7372327
0.2541186,0.27127036,0.0040649534,-4.2194257
0.064445145,0.050207224,0.0011131094,12.791113
0.40180495,0.4247766,0.018401587,-1.2483519
0.23639011,0.24240479,0.01990115,-0.30222747
0.29212695,0.27365023,0.006328054,2.9198112
0.069678284,0.05916852,0.0034247737,3.0687459
0.47618,0.44070283,0.025307262,1.4018569
0.20200922,0.2349279,0.022624591,-1.4549953
0.25570348,0.27285686,0.0037962839,-4.5184655
0.06610699,0.05151209,0.0014021262,10.409114
0.39593095,0.42001617,0.024612896,-0.97856104
0.24090804,0.25358212,0.020941678,-0.6052083
0.26371905,0.27538022,0.0043615135,-2.673652
0.099441715,0.05102212,0.0011105073,43.601288
0.39593095,0.4205684,0.024914078,-0.9888971
0.24090804,0.25297368,0.02108952,-0.5721151
0.26371905,0.275397,0.004552385,-2.5652375
0.099441715,0.051060714,0.0011059666,43.745403
0.3660503,0.38302153,0.032441754,-0.5231292
0.31052482,0.293638,0.03410751,0.49510592
0.26256293,0.258862,0.006757311,0.5476944
0.06086199,0.06447827,0.0053381375,-0.6774423
0.4299078,0.40900323,0.030110585,0.6942598
0.23820576,0.2564076,0.02772698,-0.65646625
0.2567017,0.26352078,0.010089279,-0.67587274
0.07518481,0.07106806,0.008822086,0.46664056
0.4994371,0.40999508,0.018001676,4.968538
0.1843799,0.26588833,0.0152583355,-5.3418946
0.2560646,0.2734976,0.004058887,-4.2950234
0.060118433,0.05061871,0.0010986824,8.646459
0.49623013,0.4043753,0.03600699,2.551027
0.19450691,0.28476796,0.032785855,-2.7530482
0.24717854,0.25789696,0.005250487,-2.041414
0.062084254,0.052959774,0.0016581231,5.5028934
0.43096918,0.4444882,0.0109423725,-1.2354741
0.22346897,0.2186107,0.010695004,0.45425603
0.2845103,0.2804187,0.0041818246,0.97842926
0.061051622,0.05648271,0.0020470466,2.2319522
