Condition,Expert,Mean_Z,Significance,N
uORF,Single-base,-0.4668662374176018,***,909
uORF,Codon,0.4630022605601099,***,910
uORF,9-mer,0.106000862291603,*,917
uORF,Ribosome,0.4991133542856026,***,896
RBP (5′UTR),Single-base,-0.2586383921824077,***,976
RBP (5′UTR),Codon,0.3470090469468459,***,967
RBP (5′UTR),9-mer,-0.0297928415191251,ns,983
RBP (5′UTR),Ribosome,0.1651884594642872,***,975
RBP (CDS),Single-base,-0.2199072395900405,***,987
RBP (CDS),Codon,-0.167083341493604,***,985
RBP (CDS),9-mer,0.077700469993387,ns,992
RBP (CDS),Ribosome,0.5655286079231161,***,982
RBP (3′UTR),Single-base,-0.3193230866753894,***,963
RBP (3′UTR),Codon,0.4390437507038743,***,955
RBP (3′UTR),9-mer,0.0218835649697154,ns,984
RBP (3′UTR),Ribosome,0.01210185352778,ns,973
miRNA,Single-base,-0.1884847920913207,***,954
miRNA,Codon,0.516741003733024,***,959
miRNA,9-mer,-0.2798445195885774,***,963
miRNA,Ribosome,-0.2248685956830619,***,921
