sample,time_hours,mean_percent,sd_percent
ref,0,100.0,0.0
ref,4,51.01861696984283,6.754415018078664
ref,8,37.063448036425086,8.895532718626974
MUT3,0,100.0,0.0
MUT3,4,64.45284007025082,13.614379368470008
MUT3,8,46.12742198422344,8.423788525395178
MUT6,0,100.0,0.0
MUT6,4,66.78703825341569,9.017981382910587
MUT6,8,60.14549699023971,4.910460736652568
MUT15,0,100.0,0.0
MUT15,4,70.42191399488655,19.097215559939237
MUT15,8,54.993344011805256,11.118614461086764
MUT17,0,100.0,0.0
MUT17,4,60.40858310691616,4.672885138625071
MUT17,8,52.97521387202614,6.45967180592545
