model,sample,spearman_rho
UTRLM,designed_library,0.05594214977
UTRLM,egfp_m1pseudo_1,0.02810551345
UTRLM,egfp_m1pseudo_2,-0.03934522141
UTRLM,egfp_pseudo_1,-0.002720353225
UTRLM,egfp_pseudo_2,-0.009226624925
UTRLM,egfp_unmod_1,0.211233229
UTRLM,egfp_unmod_2,-0.04930680113
UTRLM,mcherry_1,0.2131817135
UTRLM,mcherry_2,0.1850585583
UTRLM,varying_length_25to100,0.2624658936
RiboNN,designed_library,0.4686861694
RiboNN,egfp_m1pseudo_1,0.1830186263
RiboNN,egfp_m1pseudo_2,0.2202098523
RiboNN,egfp_pseudo_1,0.1754657365
RiboNN,egfp_pseudo_2,0.1313648208
RiboNN,egfp_unmod_1,0.3198005345
RiboNN,egfp_unmod_2,0.2537476354
RiboNN,mcherry_1,0.2807613034
RiboNN,mcherry_2,0.261393088
RiboNN,varying_length_25to100,0.3021144282
InvaRNA,designed_library,0.4550446512
InvaRNA,egfp_m1pseudo_1,0.2918019006
InvaRNA,egfp_m1pseudo_2,0.3062255265
InvaRNA,egfp_pseudo_1,0.2978718455
InvaRNA,egfp_pseudo_2,0.2548453674
InvaRNA,egfp_unmod_1,0.5072068854
InvaRNA,egfp_unmod_2,0.3669351859
InvaRNA,mcherry_1,0.282124574
InvaRNA,mcherry_2,0.2895570733
InvaRNA,varying_length_25to100,0.4805467429
