timetree_divergence_time_mya,embedding_centroid_euclidean_distance,plot_color
87.2,0.1687132567,#4DBBD5
429.0,0.3727075458,#4DBBD5
318.95,0.4275607467,#4DBBD5
686.16,1.184178591,#F39B7F
1274.57,1.833467126,#F39B7F
686.16,1.548259854,#F39B7F
429.0,0.3430553973,#4DBBD5
318.95,0.3509634137,#4DBBD5
686.16,1.184251666,#F39B7F
1274.57,1.839745045,#F39B7F
686.16,1.560940862,#F39B7F
429.0,0.306166023,#4DBBD5
686.16,1.219319701,#F39B7F
1274.57,1.798798442,#F39B7F
686.16,1.51666832,#F39B7F
686.16,1.276807189,#F39B7F
1274.57,1.856788516,#F39B7F
686.16,1.599858999,#F39B7F
1274.57,1.287390947,#8491B4
727.23,0.9195683002,#8491B4
1274.57,0.6524851918,#8491B4
