batch_order,fasta_record_id
1,ENST00000431781.2|ENSG00000142751.15|homo_sapiens|164|339|236
2,ENST00000453466.1|ENSG00000105819.15|homo_sapiens|3|360|1146
3,ENST00000282075.5|ENSG00000152254.11|homo_sapiens|39|309|2570
4,ENST00000367201.7|ENSG00000143845.15|homo_sapiens|42|1185|1204
5,ENST00000641450.1|ENSG00000233412.6|homo_sapiens|154|942|133
6,ENST00000392460.7|ENSG00000073282.14|homo_sapiens|0|1668|0
7,ENST00000348502.10|ENSG00000068366.21|homo_sapiens|327|2013|2692
8,ENST00000524573.5|ENSG00000158813.18|homo_sapiens|192|1161|28
9,ENST00000440111.6|ENSG00000165699.15|homo_sapiens|83|3495|4885
10,ENST00000358666.7|ENSG00000198258.11|homo_sapiens|184|222|107
11,ENST00000696048.1|ENSG00000182612.11|homo_sapiens|328|1068|460
12,ENST00000677653.1|ENSG00000158864.13|homo_sapiens|99|639|955
13,ENST00000647161.1|ENSG00000066427.25|homo_sapiens|28|1056|485
14,ENST00000621908.3|ENSG00000277131.4|homo_sapiens|10|1869|64
15,ENST00000377140.6|ENSG00000204690.6|homo_sapiens|145|924|0
16,ENST00000675047.1|ENSG00000114354.15|homo_sapiens|180|1191|433
17,ENST00000372023.7|ENSG00000101040.20|homo_sapiens|279|3318|1547
18,ENST00000673918.2|ENSG00000272333.8|homo_sapiens|46|8082|323
19,ENST00000368718.5|ENSG00000196420.8|homo_sapiens|282|279|149
20,ENST00000591304.1|ENSG00000104853.16|homo_sapiens|15|513|0
21,ENST00000444666.6|ENSG00000106105.15|homo_sapiens|25|1713|814
22,ENST00000621507.1|ENSG00000125779.24|homo_sapiens|362|840|561
23,ENST00000709413.1|ENSG00000291973.1|homo_sapiens|0|417|103
24,ENST00000481129.1|ENSG00000107816.17|homo_sapiens|337|408|0
