model,library,n,spearman
InvaRNA,designed_library,3000,0.45504465124628957
InvaRNA,egfp_m1pseudo_1,2988,0.2918019005708599
InvaRNA,egfp_m1pseudo_2,2984,0.3062255265305345
InvaRNA,egfp_pseudo_1,3000,0.2978718454943214
InvaRNA,egfp_pseudo_2,3000,0.2548453674179285
InvaRNA,egfp_unmod_1,3000,0.5072068854163276
InvaRNA,egfp_unmod_2,3000,0.3669351859285199
InvaRNA,mcherry_1,3000,0.2821245739763429
InvaRNA,mcherry_2,3000,0.289557073263251
InvaRNA,varying_length_25to100,3000,0.48054674294111216
RiboNN,designed_library,3000,0.4686861694369174
RiboNN,egfp_m1pseudo_1,2984,0.18301862633597268
RiboNN,egfp_m1pseudo_2,2984,0.2202098522703511
RiboNN,egfp_pseudo_1,2998,0.17546573650865277
RiboNN,egfp_pseudo_2,3000,0.13136482083584608
RiboNN,egfp_unmod_1,3000,0.31980053449809465
RiboNN,egfp_unmod_2,3000,0.25374763538133194
RiboNN,mcherry_1,3000,0.2807613034402902
RiboNN,mcherry_2,2999,0.26139308803893446
RiboNN,varying_length_25to100,3000,0.302114428221822
UTRLM,designed_library,3000,0.05594214977134997
UTRLM,egfp_m1pseudo_1,2988,0.02810551344512199
UTRLM,egfp_m1pseudo_2,2984,-0.03934522141288183
UTRLM,egfp_pseudo_1,3000,-0.0027203532247636305
UTRLM,egfp_pseudo_2,3000,-0.009226624925118174
UTRLM,egfp_unmod_1,3000,0.21123322897693886
UTRLM,egfp_unmod_2,3000,-0.04930680112705767
UTRLM,mcherry_1,3000,0.21318171354515583
UTRLM,mcherry_2,3000,0.1850585582608657
UTRLM,varying_length_25to100,3000,0.262465893611401
