variant,group,unmodified_r1_ng_ml,unmodified_r2_ng_ml,modified_r1_ng_ml,modified_r2_ng_ml,unmodified_mean_ng_ml,unmodified_sd_ng_ml,modified_mean_ng_ml,modified_sd_ng_ml,source_excel_row_1based
REF,reference,0.6228696,0.6453444,1.13979,1.1322984,0.634107000,0.015892083,1.136044200,0.005297361,137
MUT1,other_design,0.7127688,0.740238,1.4219736,1.3820184,0.726503400,0.019423658,1.401996000,0.028252593,139
MUT2,other_design,0.6078864,0.690294,1.2197004,1.4369568,0.649090200,0.058270973,1.328328600,0.153623474,140
MUT3,advanced_to_stability,1.002444,1.0598796,1.6542132,1.7116488,1.031161800,0.040613102,1.682931000,0.040613102,138
MUT4,other_design,0.5079984,0.552948,1.20222,1.2946164,0.530473200,0.031784167,1.248418200,0.065334121,142
MUT5,other_design,0.9425112,1.0973376,1.0498908,1.1547732,1.019924400,0.109478797,1.102332000,0.074163056,143
MUT6,advanced_to_stability,1.0448964,1.1073264,1.8914472,1.9189164,1.076111400,0.044144676,1.905181800,0.019423658,144
MUT7,other_design,0.940014,0.8126568,1.714146,1.551828,0.876335400,0.090055140,1.632987000,0.114776159,145
MUT8,other_design,0.7177632,0.7951764,0.4180992,0.4205964,0.756469800,0.054739399,0.419347800,0.001765787,146
MUT9,other_design,0.9874608,1.064874,1.1997228,1.1447844,1.026167400,0.054739399,1.172253600,0.038847315,147
MUT10,other_design,0.9849636,0.8601036,1.7091516,1.4319624,0.922533600,0.088289353,1.570557000,0.196002363,148
MUT11,other_design,1.0074384,1.0299132,1.8090396,1.789062,1.018675800,0.015892083,1.799050800,0.014126296,149
MUT12,other_design,1.0423992,1.089846,1.8315144,1.5917832,1.066122600,0.033549954,1.711648800,0.169515557,150
MUT13,other_design,1.164762,1.0573824,1.5418392,1.6816824,1.111072200,0.075928843,1.611760800,0.098884075,151
MUT14,other_design,0.9949524,0.8451204,1.1622648,1.0099356,0.920036400,0.105947223,1.086100200,0.107713010,152
MUT15,advanced_to_stability,1.0973376,0.9574944,2.1286812,1.8914472,1.027416000,0.098884075,2.010064200,0.167749770,153
MUT16,other_design,1.0174272,1.0998348,1.3870128,1.4619288,1.058631000,0.058270973,1.424470800,0.052973612,154
MUT17,advanced_to_stability,1.1073264,1.1847396,1.8165312,1.789062,1.146033000,0.054739399,1.802796600,0.019423658,155
MUT18,other_design,0.9450084,1.0124328,1.6866768,1.6417272,0.978720600,0.047676250,1.664202000,0.031784167,156
MUT19,other_design,1.1872368,1.2097116,1.6991628,1.6467216,1.198474200,0.015892083,1.672942200,0.037081528,157
MUT20,other_design,1.2321864,1.1347956,1.164762,1.2122088,1.183491000,0.068865695,1.188485400,0.033549954,158
