figure,panel,manuscript_basis,code_or_logic,external_data,numeric_check,status,known_gap_or_author_action
Fig.2,A,final recovered panel,figures/fig2/reproduce.py,assets/manuscript_figures/fig2_compact,"7000 UMAP points; 21 centroid pairs; rho=0.7584483932",PASS,"Frozen compact plotting table"
Fig.2,B,final recovered panel,figures/fig2/reproduce.py,assets/manuscript_figures/fig2_compact,"All displayed probe values match source tables",PASS,"Frozen compact plotting table"
Fig.2,C,current nm.pdf 20260805,figures/fig2/fig2c_routing_position.py,assets/manuscript_figures/fig2_compact,"8000 routing positions and regional means match; CUDA replay within archived tolerance",PASS_DATA_MANUSCRIPT_LABEL_MISMATCH,"The graphic labels this routing heatmap C; the caption describes it as the first part of panel C"
Fig.2,D,current nm.pdf 20260805,figures/fig2/fig2c_routing_position.py,assets/manuscript_figures/fig2_compact,"Regional expert summary values match the right-hand graphic",PASS_DATA_MANUSCRIPT_LABEL_MISMATCH,"The graphic labels this panel D, while the caption describes it as the second part of panel C and defines only A-C"
Fig.3,A,current nm.pdf 20260805,figures/fig3/reproduce_combined_checked.py,assets/manuscript_figures/full/fig3_current_nm,"Curated plotting values and summary present",PASS,"Current checked table; no raw training corpus required"
Fig.3,B,current nm.pdf 20260805,figures/fig3/fig3b_multispecies.py,assets/manuscript_figures/full/fig3_current_nm,"All 15 displayed five-species/model Spearman values reproduce from preserved predictions",PASS,"D. melanogaster is retained only in the six-species diagnostic table and is not plotted"
Fig.3,C,current nm.pdf 20260805,figures/fig3/reproduce_combined_checked.py,assets/manuscript_figures/full/fig3_current_nm,"UMAP points and conservation track present",PASS,"Current checked plotting table"
Fig.3,D,current nm.pdf 20260805,final_submit/F3 exporter,assets/manuscript_figures/full/fig3_current_nm,"Schematic coordinates present",PASS_CONCEPTUAL,"Conceptual schematic; not a measured benchmark"
Fig.3,E,current nm.pdf 20260805,figures/fig3/reproduce_combined_checked.py,assets/manuscript_figures/full/fig3_current_nm,"Six ablation R2 values present and checked",PASS,"Current checked plotting table"
Fig.3,F,current nm.pdf 20260805,figures/fig3/reproduce_combined_checked.py,assets/manuscript_figures/full/fig3_current_nm,"Ten displayed values present",PASS,"Current checked plotting table"
Fig.3,G,current nm.pdf 20260805,figures/fig3/reproduce_combined_checked.py,assets/manuscript_figures/full/fig3_current_nm,"Current benchmark values present",PASS,"Current checked plotting table"
Fig.4,A-D,submission F4X0423,figures/fig4/reproduce.py,assets/manuscript_figures/fig4_compact,"Compact routing and dORF tables reproduce computational panels",PASS,"Only compact current plotting inputs retained"
Fig.5,C,recovered expression/stability tables,figures/fig5/plot_f5c.py,assets/manuscript_figures/full/fig5,"REF/MUT expression and stability summary values",PASS,"Only four plotting tables retained"
Fig.5,D,recovered western-blot quantification table,figures/fig5/plot_f5d_checked.py,assets/manuscript_figures/full/fig5,"100ng and 500ng normalized/relative values present",PASS,"Only F5D plot table retained; displayed label is MUT3"
Fig.5,E,recovered RGC summary/statistics tables,figures/fig5/plot_f5e_checked.py,assets/manuscript_figures/full/fig5,"10x/20x summary and pairwise statistics present",PASS,"Only F5E summary/statistics tables retained"
