path	bytes	sha256
checkpoints/external/pretrained/models/CodonBERT/model.safetensors	348349108	8aa75b979c9fb65ae45133b43683e51bc6bf0832d29868a65fb99d53a5ab93fb
checkpoints/external/pretrained/models/DNABERT2/pytorch_model.bin	468354983	7ff39ec77a484dd01070a41bfd6e95cdd7247bec80fe357ab43a4be33687aeba
checkpoints/external/pretrained/models/Orthrus/assets/pytorch_model.bin	40737856	a188c974493679d9eb5d18b5ecc3148f3634cd785e20f8303d6f313f62f00c08
checkpoints/external/pretrained/models/RNA-FM/model.safetensors	398112460	1fccd0adf65340ebf246cb35c1ce7eb68e0830023092a7561cee26ee40261a19
checkpoints/external/pretrained/models/UTR_LM/Model/Downstream/TE_EL/MJ4_seed1337_TE_ESM2SI_3.1.1e-2.H.dropout2_HEK_te_log_utr_seqlen100_AvgEmbFalse_BosEmbTrue_CNNlayer0_epoch300_patiences0_nodes40_dropout30.2_finetuneTrue_huberlossTrue_magicFalse_lr0.01_fold0_epoch275.pt	5919367	d8e96e9b7549eda0589f2872f99ee7524ecb9225ed9d83f5b9846bc8c0c825d0
checkpoints/external/pretrained/models/UTR_LM/hek_ensemble/hek_fold0.pt	5919367	d8e96e9b7549eda0589f2872f99ee7524ecb9225ed9d83f5b9846bc8c0c825d0
checkpoints/external/pretrained/models/UTR_LM/hek_ensemble/hek_fold1.pt	5917895	6490a63accabd4897545c7482283fd44832ae6f18ad5dc1f9e1c5b636000c095
checkpoints/external/pretrained/models/UTR_LM/hek_ensemble/hek_fold2.pt	5917895	548adfb3c500e656edde2d7765e0998d0b8404d0b85df1cde4eed0edbbd8d7f9
checkpoints/external/pretrained/models/UTR_LM/hek_ensemble/hek_fold3.pt	5917895	b536d92595ebda8c33103192b34b742f91c2a3e5483325242f8e71447bd3bae9
checkpoints/external/pretrained/models/UTR_LM/hek_ensemble/hek_fold4.pt	5917895	da0a4bf2290c934f2c0649786f9ccb84abb8cbe97afbf0e661dfc0cea96f9364
checkpoints/external/pretrained/models/UTR_LM/hek_ensemble/hek_fold5.pt	5917895	8d19d23533d29502ce0c776d32a1542534a3ece726fdf3031464bb1ea0d44a41
checkpoints/external/pretrained/models/UTR_LM/hek_ensemble/hek_fold6.pt	5917895	40abe476250d5a74ad4436fa6f17076641f02fa1d716ff27e44f18cdd4b9f791
checkpoints/external/pretrained/models/UTR_LM/hek_ensemble/hek_fold7.pt	5917895	786f6688a300a8ce27c16ea1d94a523531f8e8945268d06fefe7a781b4f13bdc
checkpoints/external/pretrained/models/UTR_LM/hek_ensemble/hek_fold8.pt	5917895	5ed32f9df52de4b60cdf84ba02a9501da5d30df55ffc54354f08ccc1edceeda7
checkpoints/external/pretrained/models/UTR_LM/hek_ensemble/hek_fold9.pt	5917895	7b5086f0432b1a1d9912dfcbf0d6e63e4c02b672f60b53925f6da50b40233cdb
checkpoints/external/pretrained/models/evo2-main/evo2_7b.pt	13766621200	c66645929dc1b9c631f5be656da8726f38946315dc9167000a615dd626fcecf4
checkpoints/external/pretrained/models/lucaone_hf_ckpts/LucaOne-gene-step36.8M/model-00001-of-00002.safetensors	4930881120	c2bf84698566402b45679b30e8368746c4b4b2679a945fd2a671fb86739c0ae8
checkpoints/external/pretrained/models/lucaone_hf_ckpts/LucaOne-gene-step36.8M/model-00002-of-00002.safetensors	1390366196	cf67155040f5c84ae31662647df2628a0f82cd901e6ddf219d49cb3e8cfe2db9
checkpoints/external/pretrained/models/mRNABERT/pytorch_model.bin	455973118	cb2eb64831a494d4cac14acb5df908f734e088c4d62256ac3e42cada60c3bf75
checkpoints/external/pretrained/models/ribonn/RiboNN-1.0.0/models/00025c74093f4910b6c324fa7fd6baf3/state_dict.pth	1020514	8393043c144e922e02cc7c4fb566454b8bda5e286ce3e2aa30b38c67b3602212
checkpoints/external/pretrained/models/ribonn/RiboNN-1.0.0/models/00d0cce262be430cba85ccbe36060351/state_dict.pth	1020514	374e5652117e266b6e4fb727b95e38aa3eb7feae710076593714cb367d8c9b61
checkpoints/external/pretrained/models/ribonn/RiboNN-1.0.0/models/057db008d02743f4b319c5961b00ed41/state_dict.pth	1020514	e73a027edd3e14bf77ab2dcb4f8d5ba9869a0ef068747c92c72f3f9719e60b7f
checkpoints/external/pretrained/models/ribonn/RiboNN-1.0.0/models/0818d970b3634b698e32b5a87a2b47ca/state_dict.pth	1020514	82c5673cd75b123ca20c921ffe08b752e6bc1f283668af7f14b2a34ecf6e530c
checkpoints/external/pretrained/models/ribonn/RiboNN-1.0.0/models/0ad046d67ba7481881d5c7f918acedb4/state_dict.pth	1020514	4d3f2cee058a3d81d84c7f4d7b66db6839e25a4f8df6c236bb10840e9c37bac4
checkpoints/external/pretrained/models/ribonn/RiboNN-1.0.0/models/0c30bb8f490b4d1f97621c0f4840d356/state_dict.pth	1020514	c29dd95acc3734895731316b683093dfe3de27fdaea0e9dba0b88e4247ec8239
checkpoints/external/pretrained/models/ribonn/RiboNN-1.0.0/models/0d98bed4eccb4e5ca34254d4e76661aa/state_dict.pth	1020514	6a57480306b28f10c13fdfff9ff6323f8c349e26f6f357924bded133754d3e0a
checkpoints/external/pretrained/models/ribonn/RiboNN-1.0.0/models/0ded4e02c4a842d4b3a0fe9067fca970/state_dict.pth	1020514	d7b5567fe8cb38b1fd12a3ba941c41b22d823afc2ea2b25188726653ee9f9b6e
checkpoints/external/pretrained/models/ribonn/RiboNN-1.0.0/models/0fe366a471c44cea8c6f3b87f12ea8aa/state_dict.pth	1020514	78c958ce57548098675677b50a45a7e091da00bbea06027fbef73f8cb52e9262
checkpoints/external/pretrained/models/ribonn/RiboNN-1.0.0/models/12da1c794add4e28ac8499f6210b202e/state_dict.pth	1020514	5bee1b6764ac1fc34085c7ae105c1e1acd10692133e391062f20f27724dd299d
checkpoints/external/pretrained/models/ribonn/RiboNN-1.0.0/models/131ca12aaf074edbbe9ed3eb13e816fa/state_dict.pth	1020514	fb1d78637f1cde9c50f607f224f5ea6028076ac8582bc628adfd9d258cbd6684
checkpoints/external/pretrained/models/ribonn/RiboNN-1.0.0/models/173920e2dfe844e1a0dc3cf9a1edce98/state_dict.pth	1020514	60eca1f69faf067746f0285fc8e252ddd9a9c72789003dce40a8a677ff3eaf66
checkpoints/external/pretrained/models/ribonn/RiboNN-1.0.0/models/19df49828b41477292e818d63cd9b736/state_dict.pth	1020514	c545788fd3b7a5d8345e2658a8c088e62ac8a24f9b9d29b50456663d0f3e4f24
checkpoints/external/pretrained/models/ribonn/RiboNN-1.0.0/models/224e64e3a1e144dca95bfe187cd25f1d/state_dict.pth	1020514	aaf5c835d96dd2d02f8197fa2847f92969a1d409efd04803f023f7cf0365d3cd
checkpoints/external/pretrained/models/ribonn/RiboNN-1.0.0/models/224f63e51213453285344907185b05d9/state_dict.pth	1020514	0d6d910c1b384c766d28a852dc8dfeaa8904b45e522950cd0d3aa6972d68c247
checkpoints/external/pretrained/models/ribonn/RiboNN-1.0.0/models/2888f290aef04b7faf5894f6a95d54d1/state_dict.pth	1020514	21ffd60f8998aa3a5ea6e8b06a3bf5af688e2a363a92fdec2bce197f67704894
checkpoints/external/pretrained/models/ribonn/RiboNN-1.0.0/models/28c8f56aff0a48d78be3928e1db310d5/state_dict.pth	1020514	191317d6095cb4d0dd911a0a37defd58ad8f6925d06e5c901537d58b0dee09b0
checkpoints/external/pretrained/models/ribonn/RiboNN-1.0.0/models/2a6ec703c9f043b28f9885cea8296120/state_dict.pth	1020514	a7ae0cbabb75517a0c6c5fbe1a7d7d10ee288f3472511f3b1fca835428e0a06f
checkpoints/external/pretrained/models/ribonn/RiboNN-1.0.0/models/3002bf6350a1421ea5975770fa4c4b3f/state_dict.pth	1020514	a40f567ae8178864886cf8d19f3c2c5f7d1b4895cde99fb6fda59f59c2f04b96
checkpoints/external/pretrained/models/ribonn/RiboNN-1.0.0/models/303daa6f5b784dfc87755425c16e6641/state_dict.pth	1020514	b5789e5ee13e5f0fa3aeed3eef364060e2aec36bdd71d5e77e7fbbcbf186916e
checkpoints/external/pretrained/models/ribonn/RiboNN-1.0.0/models/33e3c4532982489aa06b7497c3579cfb/state_dict.pth	1020514	353b8e8d813d27a9a145c76613d84c28e3d97d5f6e8f8609c93be739ad465bac
checkpoints/external/pretrained/models/ribonn/RiboNN-1.0.0/models/34ca29bf68dd4aa0aaec3627b39298fe/state_dict.pth	1020514	6c02498929a1003732732f7b58ff4be385d6eed85bfc103814eb3109779a9929
checkpoints/external/pretrained/models/ribonn/RiboNN-1.0.0/models/38c972a6a03a4b2881ee48b1f39c2807/state_dict.pth	1020514	f2a3ab2cffee7e0475751996e15ce09a04f27460cae1c5befcce34ba6fcb82dd
checkpoints/external/pretrained/models/ribonn/RiboNN-1.0.0/models/38d518784f2240e5afe203dee5d02b45/state_dict.pth	1020514	89e77981530dd60b031f6adbdaee187f39ad8d73ec1b4248090f4de7dc5c8994
checkpoints/external/pretrained/models/ribonn/RiboNN-1.0.0/models/3a9d793487e84a72afded03715b8f9ee/state_dict.pth	1020514	fe33b1baa023d44ce6952a7092ec721c07b4c94f3202c48c42c9b7fc6633304a
checkpoints/external/pretrained/models/ribonn/RiboNN-1.0.0/models/3c8401c18f764efe8cae7aadebaf35cd/state_dict.pth	1020514	4663d7ef9274ba5bcb688fafeb55a3efeecd13417b863bf49ccea3ff049870f8
checkpoints/external/pretrained/models/ribonn/RiboNN-1.0.0/models/3d4ff8e9396f46fbb1ff72810a217f0f/state_dict.pth	1020514	dc6011f6fad6baf81f95315941c9c87d0687bed23355aac02e89f2b33c292145
checkpoints/external/pretrained/models/ribonn/RiboNN-1.0.0/models/3e495ec75a0348cb9db67f6382da6879/state_dict.pth	1020514	3367417f9c7c43815aaea1547955d6fdef3afb535f361090076f9a23399447bd
checkpoints/external/pretrained/models/ribonn/RiboNN-1.0.0/models/3f7af710a5be403baae1d317cc730d3c/state_dict.pth	1020514	a8fc0506acf44881b3856153993a0f8e037a19bdc732a6083beaf38661ac0370
checkpoints/external/pretrained/models/ribonn/RiboNN-1.0.0/models/43548e3209fb4b1b84827bc93ebe1747/state_dict.pth	1020514	96a537bb9a4e3b40268ffcacb8f47e12d29f9e94b9b88b2043d141c24f15b1b8
checkpoints/external/pretrained/models/ribonn/RiboNN-1.0.0/models/4383701fa6ba4c37a82659f26b7ef018/state_dict.pth	1020514	2a858ee25ef3f271e8e12daec8cbe01abb3288f0bdd4abf42f59fca8a6f4ccbc
checkpoints/external/pretrained/models/ribonn/RiboNN-1.0.0/models/4fc41a6a1d2a4fc8b20885004d957408/state_dict.pth	1020514	1b33e65f501283d44deb4e2ffc98472cb7754ddf86bfe70e09a4b1e439927af5
checkpoints/external/pretrained/models/ribonn/RiboNN-1.0.0/models/540f97e0d047402d87c1565cb7f5c495/state_dict.pth	1020514	4910ed587f81c782f463577f99b564da3b61cea77e5577838cd663bdaa5cde78
checkpoints/external/pretrained/models/ribonn/RiboNN-1.0.0/models/54a0a6d011fb434398580cf1a392382a/state_dict.pth	1020514	59359837591bd4757e737affa8f345b88e221c432d0c837a341aa48364b6db51
checkpoints/external/pretrained/models/ribonn/RiboNN-1.0.0/models/57637dca69f74afda4859024c139a0fe/state_dict.pth	1020514	1c75d64b3b28038d5ea2fc0d2711417aa6ca461c980416d670ff0ff61a5cf21c
checkpoints/external/pretrained/models/ribonn/RiboNN-1.0.0/models/59d3a35a891a4c5b836c866bbcc843e7/state_dict.pth	1020514	7afb055e36860b2db1c5f3063b84c1f2c2e512b68033fade7a12344c3f51d874
checkpoints/external/pretrained/models/ribonn/RiboNN-1.0.0/models/5aa149a922834dd89c15adb9f04255df/state_dict.pth	1020514	564052b8ded5cdccc5e980aaab9ec24199edd532cd5d5a675f782fc803fe3917
checkpoints/external/pretrained/models/ribonn/RiboNN-1.0.0/models/5ab25e86fa6547ca8603c8061a24b4f8/state_dict.pth	1020514	008631e990199239425ae62d2ac2de2a3e6945395d090b2f6117cdcd3def0d52
checkpoints/external/pretrained/models/ribonn/RiboNN-1.0.0/models/5d35cd547af445ab9d320dc111fc9df3/state_dict.pth	1020514	c6252cd281f9b08935b260beed9c0f65bef569f4b248940f4d71acf81636fb43
checkpoints/external/pretrained/models/ribonn/RiboNN-1.0.0/models/60c92cd29e5a4c0c87e08e4fa9b064cc/state_dict.pth	1020514	06f0057cb1ce20a254c7e99a54e809d1013f44c1ea2a792127ccd91dc001d376
checkpoints/external/pretrained/models/ribonn/RiboNN-1.0.0/models/62cbcc6328004fde98ff2b3a160417db/state_dict.pth	1020514	bc6cbf8bfa29fdf4b3c480e0ef28126806d7287de96497c2cc4257aa1752259d
checkpoints/external/pretrained/models/ribonn/RiboNN-1.0.0/models/644d797500e24d22aebfd58c7ac5a403/state_dict.pth	1020514	dc791673c45baf8f510dba66ad23cc2c5ecf6ec0f9501e762d23209163f3ba13
checkpoints/external/pretrained/models/ribonn/RiboNN-1.0.0/models/65e0099460d94d6aa004a67fc11d97b0/state_dict.pth	1020514	0cec3d56bb95bf95013229838b086d96e735bb2a204d27f17fd05cf9941018aa
checkpoints/external/pretrained/models/ribonn/RiboNN-1.0.0/models/6772cf48f10043779bbe6669988071aa/state_dict.pth	1020514	8b6610f1a8b70087c8a26d81887afd307c30a8e9385840fd28bedb052e8a03e0
checkpoints/external/pretrained/models/ribonn/RiboNN-1.0.0/models/69de6cd06769484697ab47bb2f223fb8/state_dict.pth	1020514	12b57782aead7c40c3a10e97b878c9edec45e0eb5497bd9ccd6911464debf236
checkpoints/external/pretrained/models/ribonn/RiboNN-1.0.0/models/6ba9d52314a74086aaeaccc9c31a2c52/state_dict.pth	1020514	949163f2edb401c7c4ec81f21345352b613caf3dacb6ccebcc27572f744ef002
checkpoints/external/pretrained/models/ribonn/RiboNN-1.0.0/models/6c1a41c776fe43feb13db0b539ac7d02/state_dict.pth	1020514	b6c3e6af4f3d4f9c7c33c544a1bfeb53c85654c0f370168ddb99924381aed62e
checkpoints/external/pretrained/models/ribonn/RiboNN-1.0.0/models/6c59effe15614913aedb88d8b41b978c/state_dict.pth	1020514	8a844ad0a23f61cadf9d1de1f7a4b4a7a59b93221fe2c0d9211158ea7dba862f
checkpoints/external/pretrained/models/ribonn/RiboNN-1.0.0/models/777919e478674366a316e56357ad4150/state_dict.pth	1020514	6bee37442fbcef5975b65a006020db053c741f9183e89d8d56bed347886d10a0
checkpoints/external/pretrained/models/ribonn/RiboNN-1.0.0/models/77f9d6157b794a97bc4b2edce5a9b894/state_dict.pth	1020514	e134b081b13802518cb1f48abcc34b590eddf1504db326ad432fe3706fed4990
checkpoints/external/pretrained/models/ribonn/RiboNN-1.0.0/models/7b60785f84d84eaeb9b2a62b84a276cd/state_dict.pth	1020514	41f17c540c14c1908496030d34337ace48e6da0e948be98868536f1beca192d0
checkpoints/external/pretrained/models/ribonn/RiboNN-1.0.0/models/7f9c831e6fbb4d7b82fed019ad9ef32b/state_dict.pth	1020514	7337e9c898b31b8523887be78684e9f2ab954cfa612bb18028bef5e30cb483e4
checkpoints/external/pretrained/models/ribonn/RiboNN-1.0.0/models/864e367a040c4defab3d466e0b99109e/state_dict.pth	1020514	853611075effa93c16a56ce4b993ec31dfc5db9976926f8a8f328a896ca1b90b
checkpoints/external/pretrained/models/ribonn/RiboNN-1.0.0/models/86d88305945243a6921480206159deae/state_dict.pth	1020514	c2059eb755d92f78a95c138b5ee87394e841a0cad5e082e78f235a2cb16b105f
checkpoints/external/pretrained/models/ribonn/RiboNN-1.0.0/models/8a8240363ac94b4caca6281926c016d6/state_dict.pth	1020514	17e81c62062df177a2fc047ab613d6131ef30901734e0984aebcbae71e5d59d9
checkpoints/external/pretrained/models/ribonn/RiboNN-1.0.0/models/8e6a39d4b261425ca7503ab871147bda/state_dict.pth	1020514	0212699abf3ab9af92409602fe23c86b31da91deb7ada63b957bc2acd84b356d
checkpoints/external/pretrained/models/ribonn/RiboNN-1.0.0/models/9143579890a34b8185275db54d5232cc/state_dict.pth	1020514	0a5166e469266e169303cecc458153fb9bb4d8a62984d07c727d30fb1b28f6a5
checkpoints/external/pretrained/models/ribonn/RiboNN-1.0.0/models/94ffdd2c3c3f42388e0ca10a0b1a5a65/state_dict.pth	1020514	c1ee36bc1c285caac715ed8f51bb66c3c4c3614275a5d03fe3d65cf56837a5c7
checkpoints/external/pretrained/models/ribonn/RiboNN-1.0.0/models/95b0ca40ea114591a21eb0f159db64e8/state_dict.pth	1020514	d9213c297c2f80a69a794e551a0bf8b23d732b9fb337275b8b2aeb6a82db290f
checkpoints/external/pretrained/models/ribonn/RiboNN-1.0.0/models/a27d87d8a4574258bd41792e95ee8092/state_dict.pth	1020514	8d568a6008553d06ef9b6bced2389c28405bf26a8ff4472c8ed2e7152e887b4f
checkpoints/external/pretrained/models/ribonn/RiboNN-1.0.0/models/a569cb3e25b24729aa634dfc0c58635c/state_dict.pth	1020514	f159731ba307ae40ff178ce36e58fb73a7c08b7ded13d1656f347209be38633a
checkpoints/external/pretrained/models/ribonn/RiboNN-1.0.0/models/a6913ed6496549ea9f598a8c6f5f735f/state_dict.pth	1020514	98effd4b11c79d8f9130dd9ad985d04a1e40b0ab554943fd281ffbe369ae0d2d
checkpoints/external/pretrained/models/ribonn/RiboNN-1.0.0/models/aa335f1b3fcf4a968cd15657a6023240/state_dict.pth	1020514	db35ab9a7010e065d6f672d189fd16ad503e24185d41e6a245e73305d12c6707
checkpoints/external/pretrained/models/ribonn/RiboNN-1.0.0/models/add6dd3d3641469ba847b54a6727ad3c/state_dict.pth	1020514	5414ab6a4d2a2c8fb4278cbee6eefd2def7a6347e8aadfc865e076df388a3e94
checkpoints/external/pretrained/models/ribonn/RiboNN-1.0.0/models/af6aafdb74c14dd4840c7e85d754d598/state_dict.pth	1020514	4ca7adaf324a34724fa5c77cbba7297a7e93cff3f77b8ae8e9387e36163ad727
checkpoints/external/pretrained/models/ribonn/RiboNN-1.0.0/models/b26054a3b1ca4922a53cd0e36b12dd8a/state_dict.pth	1020514	a94e2407f9e304753bdc1ab8d257d0e0a26311857794386b24c441924fb86321
checkpoints/external/pretrained/models/ribonn/RiboNN-1.0.0/models/b75460c9c00a4357bcb66640801d6900/state_dict.pth	1020514	a3fd87e52d31cb50b7e2372ae58a64d1ad69c578378a2c6984ef69f86f60b7f9
checkpoints/external/pretrained/models/ribonn/RiboNN-1.0.0/models/bbda79dddeec4878bae21f474463a26d/state_dict.pth	1020514	301cf69ebc52cacce018d55643c4596ee96565f8b1871cc9cc7cc35cb33048a5
checkpoints/external/pretrained/models/ribonn/RiboNN-1.0.0/models/c369c36ae9994ad092b597d97f795d50/state_dict.pth	1020514	ec37b46fbf8bd9b6338fa74f1ea5dd41aa1aea9af84a7a7516456bafca724367
checkpoints/external/pretrained/models/ribonn/RiboNN-1.0.0/models/c3b120c515fd4d45881e67d1e8028d21/state_dict.pth	1020514	5296e1eab68ab97cc32611fd740ec5858290d844defa6ea4631473d727c72fa0
checkpoints/external/pretrained/models/ribonn/RiboNN-1.0.0/models/c8d73e1e062c4b32a25d2294a0ae0345/state_dict.pth	1020514	368340a86e9002bf637faf51ec4f2434a31c2029b99909548059c77f0a7b0e54
checkpoints/external/pretrained/models/ribonn/RiboNN-1.0.0/models/cf8df06aab344f7194a0e4add8f2fa02/state_dict.pth	1020514	8c7ccc64e8f0efa133b97d04d0ca254243129ba9468884afc34b630d7f0e680a
checkpoints/external/pretrained/models/ribonn/RiboNN-1.0.0/models/d03225c7a4354893bafcee40c6f0de5c/state_dict.pth	1020514	04cd6541e93c0f01b45c979728d7cb843ff177476a8ec0c3ee3c38cbe16ae1cb
checkpoints/external/pretrained/models/ribonn/RiboNN-1.0.0/models/d3f0da56cdf5486b88f4942eb62681d6/state_dict.pth	1020514	ec68285c8cfa6656115445ffd08bb44fd4cff1f49cefb6138e6f1d4b16974372
checkpoints/external/pretrained/models/ribonn/RiboNN-1.0.0/models/d894a1482ede474c820d9468715e4037/state_dict.pth	1020514	acbfcf44466a088999582237ca5fbbd96e95db82b71e525212fc7a63ce8fc1cb
checkpoints/external/pretrained/models/ribonn/RiboNN-1.0.0/models/dee295337146482684ebc2dd17fd1a8b/state_dict.pth	1020514	19ff71a26547b53eb5f0539bdeba7136b50a1d6e887cfb76ae7d6bf12db57da0
checkpoints/external/pretrained/models/ribonn/RiboNN-1.0.0/models/eb1fecfde34f4063a1d99d6618f39024/state_dict.pth	1020514	93413e15b90551549959cc2ece1fc643017d1deddc3e0239dfe83f2b4b5658e7
checkpoints/external/pretrained/models/ribonn/RiboNN-1.0.0/models/eca5c035d937499689ce9cf80f4af092/state_dict.pth	1020514	22226a20db60a00ea459561dc026b5c2b6d5aef3fffc937c613a5db917a799bc
checkpoints/external/pretrained/models/ribonn/RiboNN-1.0.0/models/eeb31f762fdd4b3da3e9b40a5dde4e7f/state_dict.pth	1020514	cfa98a3fb1368706fa58c52880061ab1b698216d4f4c7c006d44169277cc0861
checkpoints/external/pretrained/models/ribonn/RiboNN-1.0.0/models/ef1510de8ebb4cf08bdd08b2e12f176e/state_dict.pth	1020514	1d7ec0ee27fc19423cc4b8e3fdfbf0bf8a080e39ebdae4fa0aa1bd39b22fedf2
checkpoints/external/pretrained/models/ribonn/RiboNN-1.0.0/models/f0d91ad02e584847a51cfbac39e9cb28/state_dict.pth	1020514	d7bca39e97e6b8a623d1cedaf551c6e8e5e55463de1e8c8f9fa208fcd57e7122
checkpoints/external/pretrained/models/ribonn/RiboNN-1.0.0/models/f67815d41c7543e1b2163d3850a60507/state_dict.pth	1020514	3d7eb32952ba79be7e64457220365a4e7c9e27b50440d0823bd763adddae2143
checkpoints/external/pretrained/models/ribonn/RiboNN-1.0.0/models/f70a6079608e4a82ab3ccc2c49f35faa/state_dict.pth	1020514	fa5c5bb3edb04b040e661c2d05e3e484c0483a0c73efff669f5dcc476b3265ea
checkpoints/external/pretrained/models/ribonn/RiboNN-1.0.0/models/f98a5603003b4388afd9dc85eea9ae60/state_dict.pth	1020514	31e36af918cbf2e3fa7d90487831827c12430752d9c0598cbe887d767631ee28
checkpoints/external/pretrained/models/ribonn/RiboNN-1.0.0/models/f9b719a3d0fd4f60a1cd2775352381de/state_dict.pth	1020514	fbea9d39d79e3cc0c4a21260ac7142ff8f135cb134f29c3ab7b3138006022414
checkpoints/external/pretrained/models/ribonn/RiboNN-1.0.0/models/fa61fb3f4aba4cd6bebf02b7d887efea/state_dict.pth	1020514	599c801cde3711e7d4989409b40184e8ef6ca36a21ba470c1f858d4ce9ce334e
checkpoints/external/pretrained/models/ribonn/RiboNN-1.0.0/models/fb622b4ef10440dcb08fb170fe37402e/state_dict.pth	1020514	650c93227abec7b8861aa76dce6729653e94bcfb16153d1b4f4096f3ed5d365c
checkpoints/external/pretrained/models/ribonn/RiboNN-1.0.0/models/fd7f50da3fe74c448c2f43b603abe865/state_dict.pth	1020514	1ad2d46c535dfb915e59ce97233b217b36e468899e4b6108a1e6e8c691faf92d
checkpoints/external/pretrained/models/ribonn/RiboNN-1.0.0/models/fe4885418b04417eb4aeb85877a83afa/state_dict.pth	1020514	bd6726d294632f1099fd7895e7ab345d0205ac5380b2ea546c91e642d9a8ae79
checkpoints/external/pretrained/models/ribonn/RiboNN-1.0.0/models/ff276cf4e7af45fe8d9680b258e556f3/state_dict.pth	1020514	8eeb89bbbe860e6f4a0024fbcff47849a7ef9e603fa6b891003b9e75fabe7581
checkpoints/external/te_finetuned/codonbert/best.ckpt	346042273	5080157369adc3e33b896812455a1693dc344914ba75259f11a794c865f42fdb
checkpoints/external/te_finetuned/dnabert2/best.ckpt	468341567	3248279f96b475d02e663a397100b62e5e6c80139e6d5cac30a9b6566638fae9
checkpoints/external/te_finetuned/evo2_8k/best.pt	13165942611	fd40fdcd838e1e5b57dd1ddcca7e1010d8c33a2e116e7bde9c93d2a070804a2b
checkpoints/external/te_finetuned/invarna_human_mouse/best.ckpt	86931381	235b9902e64a82c0d289faa057e59dc10c1503fd4afa6ddd0d0a0a6b912fee04
checkpoints/external/te_finetuned/lucaone/best.ckpt	6373355749	d023f56f5a435c44cc2f824d8dd2810713d62e1350ebf98536d60cf5d159117e
checkpoints/external/te_finetuned/mrnabert/best.ckpt	455985983	4c3afe551ead7d0600a894651afcee8a18cda7ba72e667e0054b6ff9af5f548f
checkpoints/external/te_finetuned/orthrus/best.ckpt	40748083	ed6dc7edf93be54f4e2a59c25d347d52cd3942fa71671253b2d5764fe292fe91
checkpoints/external/te_finetuned/ribonn/best.pt	998251	daae28fe0bd2e033a6dfbf78e3b621f1fbe5f413b4acc5c9ff72ae75cc1eaf60
checkpoints/external/te_finetuned/rnafm/best.ckpt	398174507	87e8b3bf0d1019f92d44b9cc2fd64294510c16e5d6a42e26b9daf51243c4219b
checkpoints/external/te_finetuned/utrlm/best.ckpt	5872711	9ca7b189e4b93ce8147d18735dee080cb1237819e64a03cd0d7d955944416cff
