component	artifact_or_run	role	source_url	version_or_revision	license	local_layout
CodonBERT	Sanofi-Public/CodonBERT	pretrained baseline	https://github.com/Sanofi-Public/CodonBERT	repository revision not recorded in recovered run	Sanofi academic-research/non-commercial	assets/checkpoints/external/pretrained/models/CodonBERT
DNABERT-2	MAGICS-LAB/DNABERT_2	pretrained baseline	https://github.com/MAGICS-LAB/DNABERT_2	repository revision not recorded in recovered run	Apache-2.0	assets/checkpoints/external/pretrained/models/DNABERT2
Orthrus	Orthrus	pretrained baseline	https://github.com/bowang-lab/Orthrus	0.1.0 (local setup metadata)	MIT	assets/checkpoints/external/pretrained/models/Orthrus
RNA-FM	multimolecule/rnafm	pretrained baseline	https://huggingface.co/multimolecule/rnafm	model-card revision not recorded in recovered run; pin an immutable HF revision before download	AGPL-3.0 plus MultiMolecule License FAQ	assets/checkpoints/external/pretrained/models/RNA-FM
UTR-LM	UTR-LM	pretrained and HEK fold models	https://github.com/a96123155/UTR-LM	repository revision not recorded in recovered run	GPL-3.0	assets/checkpoints/external/pretrained/models/UTR_LM
Evo 2	arcinstitute/evo2_7b	pretrained baseline	https://huggingface.co/arcinstitute/evo2_7b	Evo2 package 0.5.3; checkpoint revision not recorded in recovered run	Apache-2.0 (upstream notices retained)	assets/checkpoints/external/pretrained/models/evo2-main
LucaOne	LucaOne-gene-step36.8M	pretrained baseline	https://huggingface.co/LucaGroup/LucaOne-gene-step36.8M	step36.8M; HF revision not recorded in recovered run	MIT for exact model card artifact; source package Apache-2.0	assets/checkpoints/external/pretrained/models/lucaone_hf_ckpts/LucaOne-gene-step36.8M
mRNABERT	YYLY66/mRNABERT	pretrained baseline	https://huggingface.co/YYLY66/mRNABERT	model-card revision not recorded in recovered run; pin an immutable HF revision before download	Apache-2.0	assets/checkpoints/external/pretrained/models/mRNABERT
RiboNN	RiboNN-1.0.0	pretrained/selected model runs	https://github.com/Sanofi-Public/RiboNN	1.0.0; selected run 057db008d02743f4b319c5961b00ed41	Sanofi academic-research/non-commercial model-weights terms	assets/checkpoints/external/pretrained/models/ribonn/RiboNN-1.0.0
